ticker,name,exchange,security_type,is_adr,listing_date,sector,industry,country,shares_outstanding,beta,market_cap_hint,as_of,source,fetched_at,price,price_as_of,market_cap,avg_dollar_volume,is_price_fresh
LLY,Eli Lilly and Company,NYSE,common_stock,False,1972-06-01,Healthcare,Drug Manufacturers - General,US,941741000.0,0.506,1181668354570.0,2026-08-21,fmp:company-screener,2026-08-22T00:43:42.804386+00:00,1255.4,2026-08-21,1182261651400.0,3383877966.3921213,True
XOM,Exxon Mobil Corporation,NYSE,common_stock,False,1978-01-13,Energy,Oil & Gas Integrated,US,4144459999.9999995,0.162,684291790600.0,2026-08-21,fmp:company-screener,2026-08-22T00:43:42.804386+00:00,165.11,2026-08-21,684291790600.0,2334332340.127576,True
JNJ,Johnson & Johnson,NYSE,common_stock,False,1962-01-02,Healthcare,Drug Manufacturers - General,US,2409898416.0005918,0.231,651250947940.0,2026-08-21,fmp:company-screener,2026-08-22T00:43:42.804386+00:00,270.24,2026-08-21,651250947939.9999,2010689580.0454545,True
ABBV,AbbVie Inc.,NYSE,common_stock,False,2013-01-02,Healthcare,Drug Manufacturers - General,US,1766792820.9992077,0.28,468217765493.0,2026-08-21,fmp:company-screener,2026-08-22T00:43:42.804386+00:00,264.96,2026-08-21,468129425851.9501,1474144071.5936363,True
CVX,Chevron Corporation,NYSE,common_stock,False,1921-06-24,Energy,Oil & Gas Integrated,US,1991600000.0,0.488,408755984000.0,2026-08-21,fmp:company-screener,2026-08-22T00:43:42.804386+00:00,205.24,2026-08-21,408755984000.0,1527303857.338182,True
KO,The Coca-Cola Company,NYSE,common_stock,False,1962-01-02,Consumer Defensive,Beverages - Non-Alcoholic,US,4302548933.995609,0.342,391962207887.0,2026-08-21,fmp:company-screener,2026-08-22T00:43:42.804386+00:00,91.1,2026-08-21,391962207887.0,1429914095.6445456,True
CAT,Caterpillar Inc.,NYSE,common_stock,False,1929-12-02,Industrials,Agricultural - Machinery,US,460637000.0,1.605,381361372300.0,2026-08-21,fmp:company-screener,2026-08-22T00:43:42.804386+00:00,827.9,2026-08-21,381361372300.0,2790136169.4196973,True
MRK,"Merck & Co., Inc.",NYSE,common_stock,False,1978-01-13,Healthcare,Drug Manufacturers - General,US,2469820000.0,0.207,376771041000.0,2026-08-21,fmp:company-screener,2026-08-22T00:43:42.804386+00:00,152.55,2026-08-21,376771041000.0,1432452864.7133334,True
UNH,UnitedHealth Group Incorporated,NYSE,common_stock,False,1984-10-17,Healthcare,Medical - Healthcare Plans,US,908144403.998872,0.632,354276213444.0,2026-08-21,fmp:company-screener,2026-08-22T00:43:42.804386+00:00,390.11,2026-08-21,354276213444.0,2370839755.624243,True
PG,The Procter & Gamble Company,NYSE,common_stock,False,1978-01-13,Consumer Defensive,Household & Personal Products,US,2377208936.998894,0.377,343934589005.0,2026-08-21,fmp:company-screener,2026-08-22T00:43:42.804386+00:00,144.68,2026-08-21,343934589005.00006,1375531238.1672726,True
HD,"The Home Depot, Inc.",NYSE,common_stock,False,1981-09-22,Consumer Cyclical,Home Improvement,US,997117000.0,0.959,334642436370.0,2026-08-21,fmp:company-screener,2026-08-22T00:43:42.804386+00:00,335.61,2026-08-21,334642436370.0,1481673304.377879,True
DELL,Dell Technologies Inc.,NYSE,common_stock,False,2016-08-17,Technology,Computer Hardware,US,664250942.9996833,1.401,293585631787.0,2026-08-21,fmp:company-screener,2026-08-22T00:43:42.804386+00:00,441.98,2026-08-21,293585631787.0,3522093575.548485,True
PM,Philip Morris International Inc.,NYSE,common_stock,False,2008-03-17,Consumer Defensive,Tobacco,US,1558610000.0,0.4,293377160300.0,2026-08-21,fmp:company-screener,2026-08-22T00:43:42.804386+00:00,188.23,2026-08-21,293377160300.0,902842756.059091,True
RTX,RTX Corporation,NYSE,common_stock,False,1952-09-15,Industrials,Aerospace & Defense,US,1347758101.0004287,0.294,282907902981.0,2026-08-21,fmp:company-screener,2026-08-22T00:43:42.804386+00:00,209.91,2026-08-21,282907902981.0,1021707533.0793939,True
ANET,"Arista Networks, Inc.",NYSE,common_stock,False,2014-06-06,Technology,Computer Hardware,US,1259169438.0015903,1.615,237542314479.0,2026-08-21,fmp:company-screener,2026-08-22T00:43:42.804386+00:00,188.65,2026-08-21,237542314479.0,1399257562.519697,True
TMO,Thermo Fisher Scientific Inc.,NYSE,common_stock,False,1980-03-17,Healthcare,Medical - Diagnostics & Research,US,371621000.0,0.847,233849946670.0,2026-08-21,fmp:company-screener,2026-08-22T00:43:42.804386+00:00,629.27,2026-08-21,233849946670.0,1167037455.3196971,True
IBM,International Business Machines Corporation,NYSE,common_stock,False,1915-09-24,Technology,Information Technology Services,US,942134000.0,0.705,222042141120.0,2026-08-21,fmp:company-screener,2026-08-22T00:43:42.804386+00:00,235.68,2026-08-21,222042141120.0,3017860031.903636,True
VZ,Verizon Communications Inc.,NYSE,common_stock,False,1983-11-21,Communication Services,Telecommunications Services,US,4175559999.9999995,0.231,206481442000.0,2026-08-21,fmp:company-screener,2026-08-22T00:43:42.804386+00:00,49.45,2026-08-21,206481442000.0,1248836219.391515,True
ABT,Abbott Laboratories,NYSE,common_stock,False,1980-03-17,Healthcare,Medical - Devices,US,1730383371.999314,0.581,201831916510.0,2026-08-21,fmp:company-screener,2026-08-22T00:43:42.804386+00:00,116.64,2026-08-21,201831916510.0,1218359550.0360606,True
APH,Amphenol Corporation,NYSE,common_stock,False,1991-11-08,Technology,"Hardware, Equipment & Parts",US,1232980000.0,1.251,193590189800.0,2026-08-21,fmp:company-screener,2026-08-22T00:43:42.804386+00:00,157.01,2026-08-21,193590189800.0,1226689427.3975759,True
MCD,McDonald's Corporation,NYSE,common_stock,False,1965-04-21,Consumer Cyclical,Restaurants,US,710506000.0,0.419,192511600700.0,2026-08-21,fmp:company-screener,2026-08-22T00:43:42.804386+00:00,270.95,2026-08-21,192511600700.0,1307733966.659394,True
DIS,The Walt Disney Company,NYSE,common_stock,False,1957-11-12,Communication Services,Entertainment,US,1736510000.0,1.395,187126317600.0,2026-08-21,fmp:company-screener,2026-08-22T00:43:42.804386+00:00,107.78,2026-08-21,187161047800.0,1034883164.4042424,True
UNP,Union Pacific Corporation,NYSE,common_stock,False,1980-01-02,Industrials,Railroads,US,594075498.0003246,0.965,183004957159.0,2026-08-21,fmp:company-screener,2026-08-22T00:43:42.804386+00:00,308.05,2026-08-21,183004957159.0,840976323.3000001,True
DE,Deere & Company,NYSE,common_stock,False,1972-06-01,Industrials,Agricultural - Machinery,US,269937425.0003861,0.901,174776384565.0,2026-08-21,fmp:company-screener,2026-08-22T00:43:42.804386+00:00,647.47,2026-08-21,174776384565.0,744947496.4581817,True
T,AT&T Inc.,NYSE,common_stock,False,1983-11-21,Communication Services,Telecommunications Services,US,6852390000.0,0.417,173433990900.0,2026-08-21,fmp:company-screener,2026-08-22T00:43:42.804386+00:00,25.29,2026-08-21,173296943100.0,1468576405.7227273,True
CRM,"Salesforce, Inc.",NYSE,common_stock,False,2004-06-23,Technology,Software - Application,US,819000000.0,1.152,171310230000.0,2026-08-21,fmp:company-screener,2026-08-22T00:43:42.804386+00:00,209.17,2026-08-21,171310230000.0,2703168369.7451515,True
COP,ConocoPhillips,NYSE,common_stock,False,1981-12-31,Energy,Oil & Gas Exploration & Production,US,1218294006.9993327,0.123,164311312724.0,2026-08-21,fmp:company-screener,2026-08-22T00:43:42.804386+00:00,134.87,2026-08-21,164311312724.0,851133086.0339394,True
UBER,"Uber Technologies, Inc.",NYSE,common_stock,False,2019-05-10,Technology,Software - Application,US,2035599012.9949238,1.154,160405202224.0,2026-08-21,fmp:company-screener,2026-08-22T00:43:42.804386+00:00,78.8,2026-08-21,160405202224.0,1395791273.1472728,True
PFE,Pfizer Inc.,NYSE,common_stock,False,1972-06-01,Healthcare,Drug Manufacturers - General,US,5699440000.0,0.28,159983280800.0,2026-08-21,fmp:company-screener,2026-08-22T00:43:42.804386+00:00,28.07,2026-08-21,159983280800.0,1101334738.3357577,True
TJX,"The TJX Companies, Inc.",NYSE,common_stock,False,1987-06-26,Consumer Cyclical,Apparel - Retail,US,1104704445.9967263,0.616,155222021707.0,2026-08-21,fmp:company-screener,2026-08-22T00:43:42.804386+00:00,140.53,2026-08-21,155244115795.91995,909834446.1572727,True
DHR,Danaher Corporation,NYSE,common_stock,False,1978-12-29,Healthcare,Medical - Diagnostics & Research,US,702986054.0004569,0.796,153848497918.0,2026-08-21,fmp:company-screener,2026-08-22T00:43:42.804386+00:00,218.85,2026-08-21,153848497918.0,905951794.929697,True
BMY,Bristol-Myers Squibb Company,NYSE,common_stock,False,1972-06-01,Healthcare,Drug Manufacturers - General,US,2042709999.9999998,0.225,136881997100.0,2026-08-21,fmp:company-screener,2026-08-22T00:43:42.804386+00:00,67.01,2026-08-21,136881997100.0,741710817.5984849,True
NOW,"ServiceNow, Inc.",NYSE,common_stock,False,2012-06-29,Technology,Software - Application,US,1033862000.0000001,0.93,132830589760.0,2026-08-21,fmp:company-screener,2026-08-22T00:43:42.804386+00:00,128.48,2026-08-21,132830589760.0,2949736756.428485,True
LMT,Lockheed Martin Corporation,NYSE,common_stock,False,1977-01-03,Industrials,Aerospace & Defense,US,230790999.99999997,0.11,130066883870.0,2026-08-21,fmp:company-screener,2026-08-22T00:43:42.804386+00:00,563.57,2026-08-21,130066883870.0,647097617.4833333,True
PH,Parker-Hannifin Corporation,NYSE,common_stock,False,1980-03-17,Industrials,Industrial - Machinery,US,126086389.00013976,1.128,126305779317.0,2026-08-21,fmp:company-screener,2026-08-22T00:43:42.804386+00:00,1001.74,2026-08-21,126305779317.0,649019072.290909,True
SYK,Stryker Corporation,NYSE,common_stock,False,1980-03-17,Healthcare,Medical - Devices,US,383360762.00030357,0.771,126298203041.0,2026-08-21,fmp:company-screener,2026-08-22T00:43:42.804386+00:00,329.45,2026-08-21,126298203041.0,790345968.2260606,True
LOW,"Lowe's Companies, Inc.",NYSE,common_stock,False,1980-03-17,Consumer Cyclical,Home Improvement,US,560707000.0,0.851,121163175630.0,2026-08-21,fmp:company-screener,2026-08-22T00:43:42.804386+00:00,216.09,2026-08-21,121163175630.0,662771860.869394,True
CVS,CVS Health Corp.,NYSE,common_stock,False,1973-02-21,Healthcare,Medical - Healthcare Plans,US,1275930000.0,0.596,118687008600.0,2026-08-21,fmp:company-screener,2026-08-22T00:43:42.804386+00:00,93.02,2026-08-21,118687008600.0,842726490.0772727,True
MO,"Altria Group, Inc.",NYSE,common_stock,False,1985-07-01,Consumer Defensive,Tobacco,US,1669743960.992586,0.495,110353378382.0,2026-08-21,fmp:company-screener,2026-08-22T00:43:42.804386+00:00,66.09,2026-08-21,110353378382.00002,608861293.9851514,True
FCX,Freeport-McMoRan Inc.,NYSE,common_stock,False,1995-07-10,Basic Materials,Copper,US,1437560000.0,1.379,110217725200.0,2026-08-21,fmp:company-screener,2026-08-22T00:43:42.804386+00:00,76.66,2026-08-21,110203349600.0,945621716.6166667,True
MPC,Marathon Petroleum Corporation,NYSE,common_stock,False,2011-06-24,Energy,Oil & Gas Refining & Marketing,US,291937000.0,0.508,105307514640.0,2026-08-21,fmp:company-screener,2026-08-22T00:43:42.804386+00:00,360.72,2026-08-21,105307514640.00002,691858766.8990909,True
GD,General Dynamics Corporation,NYSE,common_stock,False,1978-01-13,Industrials,Aerospace & Defense,US,270557000.0,0.328,103972349530.0,2026-08-21,fmp:company-screener,2026-08-22T00:43:42.804386+00:00,384.29,2026-08-21,103972349530.0,447736110.27818185,True
SO,The Southern Company,NYSE,common_stock,False,1981-12-31,Utilities,Regulated Electric,US,1150360000.0,0.327,102313018400.0,2026-08-21,fmp:company-screener,2026-08-22T00:43:42.804386+00:00,88.94,2026-08-21,102313018400.0,540661539.9290909,True
VRT,Vertiv Holdings Co,NYSE,common_stock,False,2018-08-02,Industrials,Electrical Equipment & Parts,US,384988000.0,2.063,100847606600.0,2026-08-21,fmp:company-screener,2026-08-22T00:43:42.804386+00:00,261.95,2026-08-21,100847606600.0,1737885635.280606,True
MCK,McKesson Corporation,NYSE,common_stock,False,1994-11-10,Healthcare,Medical - Distribution,US,117078000.0,0.307,100558294200.0,2026-08-21,fmp:company-screener,2026-08-22T00:43:42.804386+00:00,858.9,2026-08-21,100558294200.0,860453281.2042423,True
VLO,Valero Energy Corporation,NYSE,common_stock,False,1982-01-04,Energy,Oil & Gas Refining & Marketing,US,287927461.99908274,0.554,100446374393.0,2026-08-21,fmp:company-screener,2026-08-22T00:43:42.804386+00:00,348.86,2026-08-21,100446374393.00002,824001174.9515152,True
PSX,Phillips 66,NYSE,common_stock,False,2012-04-12,Energy,Oil & Gas Refining & Marketing,US,400935019.998353,0.687,97375088307.0,2026-08-21,fmp:company-screener,2026-08-22T00:43:42.804386+00:00,242.87,2026-08-21,97375088307.0,531677527.9621212,True
PWR,"Quanta Services, Inc.",NYSE,common_stock,False,1998-02-12,Industrials,Engineering & Construction,US,150343000.0,1.219,96120293620.0,2026-08-21,fmp:company-screener,2026-08-22T00:43:42.804386+00:00,639.34,2026-08-21,96120293620.0,775728074.2527273,True
HCA,"HCA Healthcare, Inc.",NYSE,common_stock,False,2011-03-10,Healthcare,Medical - Care Facilities,US,216501501.9991146,1.109,92920279643.0,2026-08-21,fmp:company-screener,2026-08-22T00:43:42.804386+00:00,429.19,2026-08-21,92920279643.0,640248515.000303,True
MMM,3M Company,NYSE,common_stock,False,1946-01-14,Industrials,Conglomerates,US,515722416.99821186,1.08,92293683746.0,2026-08-21,fmp:company-screener,2026-08-22T00:43:42.804386+00:00,178.96,2026-08-21,92293683746.0,567120096.9739394,True
WM,"Waste Management, Inc.",NYSE,common_stock,False,1988-06-22,Industrials,Waste Management,US,399715183.9998215,0.437,89560184127.0,2026-08-21,fmp:company-screener,2026-08-22T00:43:42.804386+00:00,224.06,2026-08-21,89560184127.0,437289631.55121213,True
EMR,Emerson Electric Co.,NYSE,common_stock,False,1972-06-01,Industrials,Industrial - Machinery,US,560100000.0,1.235,88058922000.0,2026-08-21,fmp:company-screener,2026-08-22T00:43:42.804386+00:00,157.26,2026-08-21,88081326000.0,399194701.70363635,True
ELV,Elevance Health Inc.,NYSE,common_stock,False,2001-10-30,Healthcare,Medical - Healthcare Plans,US,216869290.00099865,0.692,86864825417.0,2026-08-21,fmp:company-screener,2026-08-22T00:43:42.804386+00:00,400.54,2026-08-21,86864825417.0,602523602.6815152,True
UPS,"United Parcel Service, Inc.",NYSE,common_stock,False,1999-11-10,Industrials,Integrated Freight & Logistics,US,849502166.003333,1.038,86657715954.0,2026-08-21,fmp:company-screener,2026-08-22T00:43:42.804386+00:00,102.01,2026-08-21,86657715954.0,545093878.6818181,True
WMB,"The Williams Companies, Inc.",NYSE,common_stock,False,1981-12-31,Energy,Oil & Gas Midstream,US,1223167471.996028,0.615,86221075101.0,2026-08-21,fmp:company-screener,2026-08-22T00:43:42.804386+00:00,70.49,2026-08-21,86221075101.0,487604079.65393937,True
SHW,The Sherwin-Williams Company,NYSE,common_stock,False,1980-03-17,Basic Materials,Chemicals - Specialty,US,242758150.99974033,1.093,84137547555.0,2026-08-21,fmp:company-screener,2026-08-22T00:43:42.804386+00:00,346.59,2026-08-21,84137547555.0,756846966.2636364,True
EOG,"EOG Resources, Inc.",NYSE,common_stock,False,1989-10-04,Energy,Oil & Gas Exploration & Production,US,532628999.99999994,0.278,81518868450.0,2026-08-21,fmp:company-screener,2026-08-22T00:43:42.804386+00:00,153.05,2026-08-21,81518868450.0,475590339.18757576,True
ITW,Illinois Tool Works Inc.,NYSE,common_stock,False,1973-03-13,Industrials,Industrial - Machinery,US,287700000.0,1.005,81214833000.0,2026-08-21,fmp:company-screener,2026-08-22T00:43:42.804386+00:00,282.29,2026-08-21,81214833000.0,366829576.9457576,True
CMI,Cummins Inc.,NYSE,common_stock,False,1947-10-03,Industrials,Industrial - Machinery,US,137989000.0,1.246,81093375520.0,2026-08-21,fmp:company-screener,2026-08-22T00:43:42.804386+00:00,587.68,2026-08-21,81093375520.0,617265089.1730303,True
SLB,Slb N.V.,NYSE,common_stock,False,1981-12-31,Energy,Oil & Gas Equipment & Services,US,1484143267.99703,0.749,79950797847.0,2026-08-21,fmp:company-screener,2026-08-22T00:43:42.804386+00:00,53.87,2026-08-21,79950797847.0,649028632.8333334,True
MSI,"Motorola Solutions, Inc.",NYSE,common_stock,False,1980-03-17,Technology,Communication Equipment,US,165996000.0,0.87,79756098120.0,2026-08-21,fmp:company-screener,2026-08-22T00:43:42.804386+00:00,480.47,2026-08-21,79756098120.0,420999412.04121214,True
GM,General Motors Company,NYSE,common_stock,False,2010-11-18,Consumer Cyclical,Auto - Manufacturers,US,904451540.9985214,1.329,79528424000.0,2026-08-21,fmp:company-screener,2026-08-22T00:43:42.804386+00:00,87.93,2026-08-21,79528424000.0,604649412.7648485,True
ECL,Ecolab Inc.,NYSE,common_stock,False,1973-02-21,Basic Materials,Chemicals - Specialty,US,281438000.0,0.89,79261383940.0,2026-08-21,fmp:company-screener,2026-08-22T00:43:42.804386+00:00,281.63,2026-08-21,79261383940.0,415827890.1951515,True
NSC,Norfolk Southern Corporation,NYSE,common_stock,False,1982-06-02,Industrials,Railroads,US,224607999.99999997,1.269,78774517760.0,2026-08-21,fmp:company-screener,2026-08-22T00:43:42.804386+00:00,350.72,2026-08-21,78774517760.0,419064417.03484845,True
RCL,Royal Caribbean Cruises Ltd.,NYSE,common_stock,False,1993-04-28,Consumer Cyclical,Travel Services,US,268195000.0,1.779,78312940000.0,2026-08-21,fmp:company-screener,2026-08-22T00:43:42.804386+00:00,292.0,2026-08-21,78312940000.0,702259925.8778788,True
NOC,Northrop Grumman Corporation,NYSE,common_stock,False,1981-12-31,Industrials,Aerospace & Defense,US,142063000.0,-0.108,78280974890.0,2026-08-21,fmp:company-screener,2026-08-22T00:43:42.804386+00:00,551.03,2026-08-21,78280974890.0,486465993.7039394,True
FDX,FedEx Corporation,NYSE,common_stock,False,1978-04-12,Industrials,Integrated Freight & Logistics,US,236581187.99987698,1.36,76907812595.0,2026-08-21,fmp:company-screener,2026-08-22T00:43:42.804386+00:00,325.08,2026-08-21,76907812595.0,613030530.8075758,True
TGT,Target Corporation,NYSE,common_stock,False,1967-10-18,Consumer Defensive,Discount Stores,US,454191000.00000006,0.973,75132275220.0,2026-08-21,fmp:company-screener,2026-08-22T00:43:42.804386+00:00,165.44,2026-08-21,75141359040.00002,632295055.3812121,True
BSX,Boston Scientific Corporation,NYSE,common_stock,False,1992-05-19,Healthcare,Medical - Devices,US,1486360000.0,0.566,74867953200.0,2026-08-21,fmp:company-screener,2026-08-22T00:43:42.804386+00:00,50.37,2026-08-21,74867953200.0,954515898.7512121,True
HLT,Hilton Worldwide Holdings Inc.,NYSE,common_stock,False,2013-12-12,Consumer Cyclical,Travel Lodging,US,225065000.0,1.063,73512980950.0,2026-08-21,fmp:company-screener,2026-08-22T00:43:42.804386+00:00,326.63,2026-08-21,73512980950.0,670440700.6942425,True
CI,Cigna Corporation,NYSE,common_stock,False,1982-03-31,Healthcare,Medical - Healthcare Plans,US,264240486.0005045,0.306,73329377270.0,2026-08-21,fmp:company-screener,2026-08-22T00:43:42.804386+00:00,277.51,2026-08-21,73329377270.0,467754738.02969694,True
CL,Colgate-Palmolive Company,NYSE,common_stock,False,1973-05-02,Consumer Defensive,Household & Personal Products,US,800189000.0,0.327,72881214120.0,2026-08-21,fmp:company-screener,2026-08-22T00:43:42.804386+00:00,91.08,2026-08-21,72881214120.0,451576613.58,True
HPE,Hewlett Packard Enterprise Company,NYSE,common_stock,False,2015-10-19,Technology,Computer Hardware,US,1324203520.9955091,1.436,70765436162.0,2026-08-21,fmp:company-screener,2026-08-22T00:43:42.804386+00:00,53.45,2026-08-21,70778678197.20996,1181567244.408182,True
KMI,"Kinder Morgan, Inc.",NYSE,common_stock,False,2011-02-11,Energy,Oil & Gas Midstream,US,2226800000.0,0.554,68986264000.0,2026-08-21,fmp:company-screener,2026-08-22T00:43:42.804386+00:00,30.98,2026-08-21,68986264000.0,319708080.25454545,True
URI,"United Rentals, Inc.",NYSE,common_stock,False,1997-12-18,Industrials,Rental & Leasing Services,US,62242500.0,1.799,68374008675.0,2026-08-21,fmp:company-screener,2026-08-22T00:43:42.804386+00:00,1098.51,2026-08-21,68374008675.0,546066605.9618182,True
RSG,"Republic Services, Inc.",NYSE,common_stock,False,1998-07-01,Industrials,Waste Management,US,307664000.0,0.396,67892214880.0,2026-08-21,fmp:company-screener,2026-08-22T00:43:42.804386+00:00,220.67,2026-08-21,67892214879.99999,306597023.05545455,True
TRGP,Targa Resources Corp.,NYSE,common_stock,False,2010-12-07,Energy,Oil & Gas Midstream,US,214643999.99999997,0.716,64200020400.0,2026-08-21,fmp:company-screener,2026-08-22T00:43:42.804386+00:00,299.1,2026-08-21,64200020399.99999,309074548.1442424,True
GWW,"W.W. Grainger, Inc.",NYSE,common_stock,False,1973-02-21,Industrials,Industrial - Distribution,US,47213100.0,1.047,61954918344.0,2026-08-21,fmp:company-screener,2026-08-22T00:43:42.804386+00:00,1312.24,2026-08-21,61954918344.0,380566909.1181818,True
COR,"Cencora, Inc.",NYSE,common_stock,False,1995-04-04,Healthcare,Medical - Distribution,US,194561059.99874228,0.573,61878199522.0,2026-08-21,fmp:company-screener,2026-08-22T00:43:42.804386+00:00,318.04,2026-08-21,61878199522.0,420501526.4890909,True
OXY,Occidental Petroleum Corporation,NYSE,common_stock,False,1981-12-31,Energy,Oil & Gas Exploration & Production,US,994634700.9951061,0.16,60971107171.0,2026-08-21,fmp:company-screener,2026-08-22T00:43:42.804386+00:00,61.3,2026-08-21,60971107171.0,510009233.2742424,True
NKE,"NIKE, Inc.",NYSE,common_stock,False,1980-12-02,Consumer Cyclical,Apparel - Footwear & Accessories,US,1479811225.0,1.118,60317105531.0,2026-08-21,fmp:company-screener,2026-08-22T00:43:42.804386+00:00,40.76,2026-08-21,60317105531.0,1016375078.5245456,True
FIX,"Comfort Systems USA, Inc.",NYSE,common_stock,False,1997-06-27,Industrials,Engineering & Construction,US,35194300.0,1.701,58268035023.0,2026-08-21,fmp:company-screener,2026-08-22T00:43:42.804386+00:00,1655.61,2026-08-21,58268035023.0,827473536.4918182,True
CIEN,Ciena Corporation,NYSE,common_stock,False,1997-02-07,Technology,Communication Equipment,US,141552921.9990399,1.315,56025230998.0,2026-08-21,fmp:company-screener,2026-08-22T00:43:42.804386+00:00,395.79,2026-08-21,56025230998.0,1143161863.4457576,True
NUE,Nucor Corporation,NYSE,common_stock,False,1980-03-17,Basic Materials,Steel,US,227741000.0,1.892,55484539830.0,2026-08-21,fmp:company-screener,2026-08-22T00:43:42.804386+00:00,243.63,2026-08-21,55484539830.0,411409765.88272727,True
AME,"AMETEK, Inc.",NYSE,common_stock,False,1984-07-19,Industrials,Electrical Equipment & Parts,US,229203000.0,0.997,54905578650.0,2026-08-21,fmp:company-screener,2026-08-22T00:43:42.804386+00:00,239.55,2026-08-21,54905578650.0,277448462.2548485,True
CTVA,"Corteva, Inc.",NYSE,common_stock,False,2019-05-24,Basic Materials,Agricultural Inputs,US,668820000.0,0.569,54702787800.0,2026-08-21,fmp:company-screener,2026-08-22T00:43:42.804386+00:00,81.79,2026-08-21,54702787800.00001,351333107.889697,True
DAL,"Delta Air Lines, Inc.",NYSE,common_stock,False,2007-05-03,Industrials,"Airlines, Airports & Air Services",US,657623000.0,1.311,54194711430.0,2026-08-21,fmp:company-screener,2026-08-22T00:43:42.804386+00:00,82.41,2026-08-21,54194711430.0,586616835.1087879,True
KEYS,"Keysight Technologies, Inc.",NYSE,common_stock,False,2014-10-20,Technology,"Hardware, Equipment & Parts",US,170895368.00050613,1.21,54025152686.0,2026-08-21,fmp:company-screener,2026-08-22T00:43:42.804386+00:00,316.13,2026-08-21,54025152686.0,460220936.91242427,True
DVN,Devon Energy Corporation,NYSE,common_stock,False,1985-07-22,Energy,Oil & Gas Exploration & Production,US,1100000000.0,0.419,54010000000.0,2026-08-21,fmp:company-screener,2026-08-22T00:43:42.804386+00:00,49.1,2026-08-21,54010000000.0,550278391.7227272,True
CAH,"Cardinal Health, Inc.",NYSE,common_stock,False,1983-08-04,Healthcare,Medical - Distribution,US,234206000.0,0.521,53752619060.0,2026-08-21,fmp:company-screener,2026-08-22T00:43:42.804386+00:00,229.51,2026-08-21,53752619060.0,512096739.2918182,True
BDX,"Becton, Dickinson and Company",NYSE,common_stock,False,1973-02-21,Healthcare,Medical - Instruments & Supplies,US,275540000.0,0.258,52903680000.0,2026-08-21,fmp:company-screener,2026-08-22T00:43:42.804386+00:00,192.0,2026-08-21,52903680000.0,329546742.10818183,True
EW,Edwards Lifesciences Corporation,NYSE,common_stock,False,2000-03-27,Healthcare,Medical - Devices,US,575800000.0,0.846,51701082000.0,2026-08-21,fmp:company-screener,2026-08-22T00:43:42.804386+00:00,89.79,2026-08-21,51701082000.0,400824783.2060606,True
WAB,Westinghouse Air Brake Technologies Corporation,NYSE,common_stock,False,1995-06-16,Industrials,Railroads,US,168911000.0,0.928,50262846270.0,2026-08-21,fmp:company-screener,2026-08-22T00:43:42.804386+00:00,297.57,2026-08-21,50262846270.0,280365596.52787876,True
CARR,Carrier Global Corporation,NYSE,common_stock,False,2020-03-19,Industrials,Industrial - Machinery,US,824325056.9985093,1.309,49764503691.0,2026-08-21,fmp:company-screener,2026-08-22T00:43:42.804386+00:00,60.37,2026-08-21,49764503691.0,424282085.3560606,True
LHX,"L3Harris Technologies, Inc.",NYSE,common_stock,False,1981-12-31,Industrials,Aerospace & Defense,US,186215000.0,0.746,49669126950.0,2026-08-21,fmp:company-screener,2026-08-22T00:43:42.804386+00:00,266.73,2026-08-21,49669126950.0,425899355.66424245,True
XYZ,"Block, Inc.",NYSE,common_stock,False,2015-11-19,Technology,Software - Infrastructure,US,595180972.0058423,2.526,48900068660.0,2026-08-21,fmp:company-screener,2026-08-22T00:43:42.804386+00:00,82.16,2026-08-21,48900068660.0,434675163.6309091,True
ROK,"Rockwell Automation, Inc.",NYSE,common_stock,False,1981-12-31,Industrials,Industrial - Machinery,US,111274000.0,1.535,48635639920.0,2026-08-21,fmp:company-screener,2026-08-22T00:43:42.804386+00:00,437.08,2026-08-21,48635639920.0,350603889.94969696,True
AZO,"AutoZone, Inc.",NYSE,common_stock,False,1991-04-02,Consumer Cyclical,Specialty Retail,US,16325398.999983096,0.344,48289713972.0,2026-08-21,fmp:company-screener,2026-08-22T00:43:42.804386+00:00,2957.95,2026-08-21,48289713972.0,992872975.5942425,True
CMG,"Chipotle Mexican Grill, Inc.",NYSE,common_stock,False,2006-01-26,Consumer Cyclical,Restaurants,US,1282730000.0,0.937,47332737000.0,2026-08-21,fmp:company-screener,2026-08-22T00:43:42.804386+00:00,36.9,2026-08-21,47332737000.0,647065021.7212121,True
FERG,Ferguson plc,NYSE,common_stock,False,2010-01-05,Industrials,Industrial - Distribution,US,193937820.0008256,1.121,46979497517.0,2026-08-21,fmp:company-screener,2026-08-22T00:43:42.804386+00:00,242.24,2026-08-21,46979497517.0,419244583.3387879,True
HUM,Humana Inc.,NYSE,common_stock,False,1981-12-31,Healthcare,Medical - Healthcare Plans,US,120080000.0,0.74,45494709600.0,2026-08-21,fmp:company-screener,2026-08-22T00:43:42.804386+00:00,378.88,2026-08-21,45495910400.0,549581874.9124242,True
A,"Agilent Technologies, Inc.",NYSE,common_stock,False,1999-11-18,Healthcare,Medical - Diagnostics & Research,US,282432000.0,1.229,44886917760.0,2026-08-21,fmp:company-screener,2026-08-22T00:43:42.804386+00:00,159.0,2026-08-21,44906688000.0,307195826.10484844,True
CBRE,"CBRE Group, Inc.",NYSE,common_stock,False,2004-06-10,Real Estate,Real Estate - Services,US,289575298.0011835,1.193,44041507073.0,2026-08-21,fmp:company-screener,2026-08-22T00:43:42.804386+00:00,152.1,2026-08-21,44044402825.98001,265856069.48545456,True
IQV,IQVIA Holdings Inc.,NYSE,common_stock,False,2013-05-09,Healthcare,Medical - Diagnostics & Research,US,164600000.0,1.175,42766372000.0,2026-08-21,fmp:company-screener,2026-08-22T00:43:42.804386+00:00,259.82,2026-08-21,42766372000.0,298028083.339394,True
LYV,"Live Nation Entertainment, Inc.",NYSE,common_stock,False,2005-12-21,Communication Services,Entertainment,US,232713000.0,1.116,42311877660.0,2026-08-21,fmp:company-screener,2026-08-22T00:43:42.804386+00:00,181.82,2026-08-21,42311877660.0,401048102.1248485,True
YUM,"Yum! Brands, Inc.",NYSE,common_stock,False,1997-09-17,Consumer Cyclical,Restaurants,US,275621000.0032681,0.553,42167945843.0,2026-08-21,fmp:company-screener,2026-08-22T00:43:42.804386+00:00,152.99,2026-08-21,42167256790.49999,413170331.96878785,True
DHI,"D.R. Horton, Inc.",NYSE,common_stock,False,1992-06-05,Consumer Cyclical,Residential Construction,US,279701266.99696666,1.375,41493682959.0,2026-08-21,fmp:company-screener,2026-08-22T00:43:42.804386+00:00,148.35,2026-08-21,41493682959.0,355830459.94969696,True
VEEV,Veeva Systems Inc.,NYSE,common_stock,False,2013-10-16,Technology,Software - Application,US,162443291.00040337,0.922,40269691839.0,2026-08-21,fmp:company-screener,2026-08-22T00:43:42.804386+00:00,247.9,2026-08-21,40269691839.0,420030928.2636364,True
SYY,Sysco Corporation,NYSE,common_stock,False,1973-05-08,Consumer Defensive,Food Distribution,US,478183000.00000006,0.636,40215190300.0,2026-08-21,fmp:company-screener,2026-08-22T00:43:42.804386+00:00,84.1,2026-08-21,40215190300.0,273692574.32272726,True
ED,"Consolidated Edison, Inc.",NYSE,common_stock,False,2001-02-15,Utilities,Regulated Electric,US,368530000.0,0.263,39193165500.0,2026-08-21,fmp:company-screener,2026-08-22T00:43:42.804386+00:00,106.35,2026-08-21,39193165500.0,237915143.21727273,True
ADM,Archer-Daniels-Midland Company,NYSE,common_stock,False,1980-03-17,Consumer Defensive,Agricultural Farm Products,US,481957000.0,0.612,38701147100.0,2026-08-21,fmp:company-screener,2026-08-22T00:43:42.804386+00:00,80.3,2026-08-21,38701147100.0,291777634.25030303,True
HSY,The Hershey Company,NYSE,common_stock,False,1980-03-17,Consumer Defensive,Food Confectioners,US,202809604.99839106,0.097,37815878948.0,2026-08-21,fmp:company-screener,2026-08-22T00:43:42.804386+00:00,186.46,2026-08-21,37815878948.0,337415487.93363637,True
EL,The Estée Lauder Companies Inc.,NYSE,common_stock,False,1995-11-17,Consumer Defensive,Household & Personal Products,US,361674641.99529135,1.246,36869113005.0,2026-08-21,fmp:company-screener,2026-08-22T00:43:42.804386+00:00,101.94,2026-08-21,36869113005.0,292375791.5193939,True
KVUE,Kenvue Inc.,NYSE,common_stock,False,2023-05-04,Consumer Defensive,Household & Personal Products,US,1920008667.9958029,0.431,36595365212.0,2026-08-21,fmp:company-screener,2026-08-22T00:43:42.804386+00:00,19.06,2026-08-21,36595365212.0,376537114.45,True
PEG,Public Service Enterprise Group Incorporated,NYSE,common_stock,False,1980-01-02,Utilities,Regulated Electric,US,498321000.0,0.527,36183087810.0,2026-08-21,fmp:company-screener,2026-08-22T00:43:42.804386+00:00,72.61,2026-08-21,36183087810.0,221375799.71575758,True
VMC,Vulcan Materials Company,NYSE,common_stock,False,1957-01-02,Basic Materials,Construction Materials,US,129578999.99999999,1.057,35768987160.0,2026-08-21,fmp:company-screener,2026-08-22T00:43:42.804386+00:00,276.04,2026-08-21,35768987160.0,326281767.4139394,True
KR,The Kroger Co.,NYSE,common_stock,False,1977-01-02,Consumer Defensive,Grocery Stores,US,612647000.0,0.409,35472261300.0,2026-08-21,fmp:company-screener,2026-08-22T00:43:42.804386+00:00,57.9,2026-08-21,35472261300.0,479016875.95666665,True
CCL,Carnival Corporation & plc,NYSE,common_stock,False,1987-07-24,Consumer Cyclical,Travel Services,US,1369649119.0050523,2.338,35241071832.0,2026-08-21,fmp:company-screener,2026-08-22T00:43:42.804386+00:00,25.73,2026-08-21,35241071832.0,576572533.9621212,True
WEC,"WEC Energy Group, Inc.",NYSE,common_stock,False,1980-03-17,Utilities,Regulated Electric,US,325726000.0,0.461,34530213260.0,2026-08-21,fmp:company-screener,2026-08-22T00:43:42.804386+00:00,106.01,2026-08-21,34530213260.0,260902712.19363636,True
EME,"EMCOR Group, Inc.",NYSE,common_stock,False,1995-01-10,Industrials,Engineering & Construction,US,44109901.0004893,1.147,34256631315.0,2026-08-21,fmp:company-screener,2026-08-22T00:43:42.804386+00:00,776.62,2026-08-21,34256631315.0,334973577.64757574,True
RMD,ResMed Inc.,NYSE,common_stock,False,1995-06-02,Healthcare,Medical - Devices,US,145056384.00138217,0.748,33583454024.0,2026-08-21,fmp:company-screener,2026-08-22T00:43:42.804386+00:00,231.52,2026-08-21,33583454024.000004,325412511.69454545,True
JBL,Jabil Inc.,NYSE,common_stock,False,1993-05-03,Technology,"Hardware, Equipment & Parts",US,104787089.00098976,1.304,32820364146.0,2026-08-21,fmp:company-screener,2026-08-22T00:43:42.804386+00:00,313.21,2026-08-21,32820364146.000004,412596919.5678788,True
ZTS,Zoetis Inc.,NYSE,common_stock,False,2013-02-01,Healthcare,Drug Manufacturers - Specialty & Generic,US,419228000.0,0.73,32590784720.0,2026-08-21,fmp:company-screener,2026-08-22T00:43:42.804386+00:00,77.73,2026-08-21,32586592440.0,502573414.8233333,True
MLM,"Martin Marietta Materials, Inc.",NYSE,common_stock,False,1994-02-17,Basic Materials,Construction Materials,US,60065800.00000001,1.106,32130397736.0,2026-08-21,fmp:company-screener,2026-08-22T00:43:42.804386+00:00,534.92,2026-08-21,32130397736.0,348960294.0781818,True
IR,Ingersoll Rand Inc.,NYSE,common_stock,False,2017-05-12,Industrials,Industrial - Machinery,US,391337000.0,1.161,31506541870.0,2026-08-21,fmp:company-screener,2026-08-22T00:43:42.804386+00:00,80.51,2026-08-21,31506541870.000004,352319606.99151516,True
WAT,Waters Corporation,NYSE,common_stock,False,1995-11-17,Healthcare,Medical - Diagnostics & Research,US,74790825.99951303,1.184,30716592238.0,2026-08-21,fmp:company-screener,2026-08-22T00:43:42.804386+00:00,410.7,2026-08-21,30716592238.0,343993063.35272723,True
LVS,Las Vegas Sands Corp.,NYSE,common_stock,False,2004-12-15,Consumer Cyclical,"Gambling, Resorts & Casinos",US,647701184.0102062,0.835,30461386684.0,2026-08-21,fmp:company-screener,2026-08-22T00:43:42.804386+00:00,47.03,2026-08-21,30461386684.0,235083074.72151518,True
HAL,Halliburton Company,NYSE,common_stock,False,1972-06-01,Energy,Oil & Gas Equipment & Services,US,835397735.0028296,0.753,29522955955.0,2026-08-21,fmp:company-screener,2026-08-22T00:43:42.804386+00:00,35.34,2026-08-21,29522955955.0,403435955.3178788,True
TDY,Teledyne Technologies Incorporated,NYSE,common_stock,False,1999-11-23,Technology,"Hardware, Equipment & Parts",US,46354094.99960701,0.92,29488157534.0,2026-08-21,fmp:company-screener,2026-08-22T00:43:42.804386+00:00,636.15,2026-08-21,29488157534.0,232673344.86727273,True
MTD,Mettler-Toledo International Inc.,NYSE,common_stock,False,1997-11-14,Healthcare,Medical - Diagnostics & Research,US,20207600.0,1.228,28194653900.0,2026-08-21,fmp:company-screener,2026-08-22T00:43:42.804386+00:00,1395.25,2026-08-21,28194653900.0,256001856.56484848,True
WSM,"Williams-Sonoma, Inc.",NYSE,common_stock,False,1983-07-07,Consumer Cyclical,Specialty Retail,US,117746610.99840054,1.47,27974239841.0,2026-08-21,fmp:company-screener,2026-08-22T00:43:42.804386+00:00,237.58,2026-08-21,27974239841.0,229786440.4372727,True
ATO,Atmos Energy Corporation,NYSE,common_stock,False,1983-12-28,Utilities,Regulated Gas,US,166919822.00179803,0.602,27850572301.0,2026-08-21,fmp:company-screener,2026-08-22T00:43:42.804386+00:00,166.85,2026-08-21,27850572301.0,212179790.45818183,True
LH,Labcorp Holdings Inc.,NYSE,common_stock,False,1990-03-29,Healthcare,Medical - Diagnostics & Research,US,82000000.0,0.843,27579880000.0,2026-08-21,fmp:company-screener,2026-08-22T00:43:42.804386+00:00,336.34,2026-08-21,27579879999.999996,196352420.78878787,True
CPAY,"Corpay, Inc.",NYSE,common_stock,False,2010-12-15,Technology,Software - Infrastructure,US,65361918.998873256,0.869,27264417272.0,2026-08-21,fmp:company-screener,2026-08-22T00:43:42.804386+00:00,417.13,2026-08-21,27264417272.0,222921758.20030302,True
DG,Dollar General Corporation,NYSE,common_stock,False,2009-11-13,Consumer Defensive,Discount Stores,US,220586646.99781218,0.235,27222598106.0,2026-08-21,fmp:company-screener,2026-08-22T00:43:42.804386+00:00,123.41,2026-08-21,27222598106.0,328147117.31545454,True
OTIS,Otis Worldwide Corporation,NYSE,common_stock,False,2020-03-19,Industrials,Industrial - Machinery,US,380669338.99846137,0.879,27214051045.0,2026-08-21,fmp:company-screener,2026-08-22T00:43:42.804386+00:00,71.49,2026-08-21,27214051045.0,270897897.4260606,True
DOV,Dover Corporation,NYSE,common_stock,False,1980-03-17,Industrials,Industrial - Machinery,US,134680000.0,1.156,27194585600.0,2026-08-21,fmp:company-screener,2026-08-22T00:43:42.804386+00:00,201.92,2026-08-21,27194585600.0,235356461.41121212,True
HPQ,HP Inc.,NYSE,common_stock,False,1957-11-06,Technology,Computer Hardware,US,914523000.0,1.194,27170478330.0,2026-08-21,fmp:company-screener,2026-08-22T00:43:42.804386+00:00,29.71,2026-08-21,27170478330.0,429112623.8121213,True
DGX,Quest Diagnostics Incorporated,NYSE,common_stock,False,1996-12-17,Healthcare,Medical - Diagnostics & Research,US,110373000.0,0.548,26974057470.0,2026-08-21,fmp:company-screener,2026-08-22T00:43:42.804386+00:00,244.39,2026-08-21,26974057470.0,210855048.82,True
TPL,Texas Pacific Land Corporation,NYSE,common_stock,False,1980-03-17,Energy,Oil & Gas Exploration & Production,US,68974400.0,0.633,26461338816.0,2026-08-21,fmp:company-screener,2026-08-22T00:43:42.804386+00:00,383.64,2026-08-21,26461338816.0,146177599.66333336,True
TPR,"Tapestry, Inc.",NYSE,common_stock,False,2000-10-06,Consumer Cyclical,Luxury Goods,US,202045000.00000003,1.464,26300197650.0,2026-08-21,fmp:company-screener,2026-08-22T00:43:42.804386+00:00,130.17,2026-08-21,26300197650.0,402614938.54484844,True
DRI,"Darden Restaurants, Inc.",NYSE,common_stock,False,1995-05-09,Consumer Cyclical,Restaurants,US,114535003.00090253,0.585,25380956665.0,2026-08-21,fmp:company-screener,2026-08-22T00:43:42.804386+00:00,221.6,2026-08-21,25380956665.0,278883343.16636366,True
FICO,Fair Isaac Corporation,NYSE,common_stock,False,1987-07-22,Technology,Software - Application,US,21597635.999897666,1.321,25326899808.0,2026-08-21,fmp:company-screener,2026-08-22T00:43:42.804386+00:00,1172.67,2026-08-21,25326899807.999996,382699148.2609091,True
PPG,"PPG Industries, Inc.",NYSE,common_stock,False,1980-03-17,Basic Materials,Chemicals - Specialty,US,222300003.00096807,1.063,25259949341.0,2026-08-21,fmp:company-screener,2026-08-22T00:43:42.804386+00:00,113.63,2026-08-21,25259949341.0,212788269.08636364,True
PHM,"PulteGroup, Inc.",NYSE,common_stock,False,1980-03-17,Consumer Cyclical,Residential Construction,US,193010797.0,1.206,24898392813.0,2026-08-21,fmp:company-screener,2026-08-22T00:43:42.804386+00:00,129.0,2026-08-21,24898392813.0,218570387.35303032,True
WST,"West Pharmaceutical Services, Inc.",NYSE,common_stock,False,1980-03-17,Healthcare,Medical - Instruments & Supplies,US,70375800.0,1.138,24848287464.0,2026-08-21,fmp:company-screener,2026-08-22T00:43:42.804386+00:00,353.08,2026-08-21,24848287464.0,266990136.51484847,True
HUBB,Hubbell Incorporated,NYSE,common_stock,False,1972-06-05,Industrials,Electrical Equipment & Parts,US,52832570.99972343,0.899,24832893347.0,2026-08-21,fmp:company-screener,2026-08-22T00:43:42.804386+00:00,470.03,2026-08-21,24832893347.0,289885312.44969696,True
EXPD,"Expeditors International of Washington, Inc.",NYSE,common_stock,False,1984-09-26,Industrials,Integrated Freight & Logistics,US,130791000.0,1.045,24563857710.0,2026-08-21,fmp:company-screener,2026-08-22T00:43:42.804386+00:00,187.81,2026-08-21,24563857710.0,204157687.1878788,True
OMC,Omnicom Group Inc.,NYSE,common_stock,False,1980-03-17,Communication Services,Advertising Agencies,US,274346000.0,0.66,24016248840.0,2026-08-21,fmp:company-screener,2026-08-22T00:43:42.804386+00:00,87.54,2026-08-21,24016248840.0,293566508.66090906,True
NRG,"NRG Energy, Inc.",NYSE,common_stock,False,2003-12-02,Utilities,Independent Power Producers,US,210986000.0,1.203,23864626460.0,2026-08-21,fmp:company-screener,2026-08-22T00:43:42.804386+00:00,113.11,2026-08-21,23864626460.0,326164502.63060606,True
CHD,"Church & Dwight Co., Inc.",NYSE,common_stock,False,1980-03-17,Consumer Defensive,Household & Personal Products,US,236944000.0,0.471,23410067200.0,2026-08-21,fmp:company-screener,2026-08-22T00:43:42.804386+00:00,98.8,2026-08-21,23410067200.0,187412857.95939395,True
STE,STERIS plc,NYSE,common_stock,False,1992-06-01,Healthcare,Medical - Specialties,US,97457700.0,0.914,23188110561.0,2026-08-21,fmp:company-screener,2026-08-22T00:43:42.804386+00:00,237.93,2026-08-21,23188110561.0,170525472.449697,True
STZ,"Constellation Brands, Inc.",NYSE,common_stock,False,1992-03-17,Consumer Defensive,Beverages - Alcoholic,US,170804353.00014743,0.4,23171318528.0,2026-08-21,fmp:company-screener,2026-08-22T00:43:42.804386+00:00,135.66,2026-08-21,23171318528.0,298883336.7966666,True
RL,Ralph Lauren Corporation,NYSE,common_stock,False,1997-06-12,Consumer Cyclical,Apparel - Manufacturers,US,60999811.99978529,1.371,22727919953.0,2026-08-21,fmp:company-screener,2026-08-22T00:43:42.804386+00:00,372.59,2026-08-21,22727919953.0,237254875.12636364,True
EFX,Equifax Inc.,NYSE,common_stock,False,1980-03-17,Industrials,Consulting Services,US,117484896.00249195,1.296,22629940668.0,2026-08-21,fmp:company-screener,2026-08-22T00:43:42.804386+00:00,192.62,2026-08-21,22629940668.0,282690606.44242424,True
PKG,Packaging Corporation of America,NYSE,common_stock,False,2000-01-28,Consumer Cyclical,Packaging & Containers,US,89098646.99948575,0.807,22523246975.0,2026-08-21,fmp:company-screener,2026-08-22T00:43:42.804386+00:00,252.79,2026-08-21,22523246975.0,154971570.97454545,True
LEN,Lennar Corporation,NYSE,common_stock,False,1980-03-17,Consumer Cyclical,Residential Construction,US,248295270.99517354,1.398,21606654482.0,2026-08-21,fmp:company-screener,2026-08-22T00:43:42.804386+00:00,87.02,2026-08-21,21606654482.0,232635722.53181818,True
IFF,International Flavors & Fragrances Inc.,NYSE,common_stock,False,1974-12-17,Basic Materials,Chemicals - Specialty,US,255303000.0,0.943,21516936840.0,2026-08-21,fmp:company-screener,2026-08-22T00:43:42.804386+00:00,84.28,2026-08-21,21516936840.0,150114721.43575758,True
FIS,"Fidelity National Information Services, Inc.",NYSE,common_stock,False,2001-06-20,Technology,Information Technology Services,US,516878999.99999994,0.813,21367777860.0,2026-08-21,fmp:company-screener,2026-08-22T00:43:42.804386+00:00,41.34,2026-08-21,21367777860.0,252518995.91363636,True
GIS,"General Mills, Inc.",NYSE,common_stock,False,1980-03-17,Consumer Defensive,Packaged Foods,US,533707998.99924946,-0.047,21332308720.0,2026-08-21,fmp:company-screener,2026-08-22T00:43:42.804386+00:00,39.97,2026-08-21,21332308720.0,368820931.0590909,True
BR,"Broadridge Financial Solutions, Inc.",NYSE,common_stock,False,2007-03-22,Technology,Information Technology Services,US,115658000.0,0.889,21070574440.0,2026-08-21,fmp:company-screener,2026-08-22T00:43:42.804386+00:00,182.18,2026-08-21,21070574440.0,197197613.6460606,True
TSN,"Tyson Foods, Inc.",NYSE,common_stock,False,1980-03-17,Consumer Defensive,Agricultural Farm Products,US,354519818.99794805,0.378,20732319015.0,2026-08-21,fmp:company-screener,2026-08-22T00:43:42.804386+00:00,58.48,2026-08-21,20732319015.0,199217189.41333333,True
SNA,Snap-on Incorporated,NYSE,common_stock,False,2017-03-02,Industrials,Manufacturing - Tools & Accessories,US,51727123.99908488,0.723,20348933310.0,2026-08-21,fmp:company-screener,2026-08-22T00:43:42.804386+00:00,393.39,2026-08-21,20348933310.0,140655309.88484848,True
CF,"CF Industries Holdings, Inc.",NYSE,common_stock,False,2005-08-11,Basic Materials,Agricultural Inputs,US,153629000.0,0.398,19917999850.0,2026-08-21,fmp:company-screener,2026-08-22T00:43:42.804386+00:00,129.6,2026-08-21,19910318400.0,301805178.5869697,True
ZBH,"Zimmer Biomet Holdings, Inc.",NYSE,common_stock,False,2001-07-25,Healthcare,Medical - Devices,US,193462000.0,0.462,19535792760.0,2026-08-21,fmp:company-screener,2026-08-22T00:43:42.804386+00:00,100.98,2026-08-21,19535792760.0,214309795.6418182,True
DD,"DuPont de Nemours, Inc.",NYSE,common_stock,False,1972-06-01,Basic Materials,Chemicals,US,135019000.0,1.09,18675828080.0,2026-08-21,fmp:company-screener,2026-08-22T00:43:42.804386+00:00,138.33,2026-08-21,18677178270.0,204919384.9300455,True
GPC,Genuine Parts Company,NYSE,common_stock,False,1980-03-17,Consumer Cyclical,Auto - Parts,US,137859758.00238878,0.646,18467693182.0,2026-08-21,fmp:company-screener,2026-08-22T00:43:42.804386+00:00,133.96,2026-08-21,18467693182.0,198039676.62363636,True
FTV,Fortive Corporation,NYSE,common_stock,False,2016-07-05,Technology,"Hardware, Equipment & Parts",US,302017051.99733686,0.976,18145184484.0,2026-08-21,fmp:company-screener,2026-08-22T00:43:42.804386+00:00,60.08,2026-08-21,18145184484.0,171296928.68939394,True
BBY,"Best Buy Co., Inc.",NYSE,common_stock,False,1985-04-18,Consumer Cyclical,Specialty Retail,US,210767000.0,1.317,18102777630.0,2026-08-21,fmp:company-screener,2026-08-22T00:43:42.804386+00:00,85.89,2026-08-21,18102777630.0,320048269.8730303,True
LDOS,"Leidos Holdings, Inc.",NYSE,common_stock,False,2006-10-17,Technology,Information Technology Services,US,125785000.00000001,0.546,17784741150.0,2026-08-21,fmp:company-screener,2026-08-22T00:43:42.804386+00:00,141.39,2026-08-21,17784741150.0,193307440.57575756,True
ROL,"Rollins, Inc.",NYSE,common_stock,False,1980-03-17,Industrials,Specialty Business Services,US,481145404.0097535,0.744,17759076862.0,2026-08-21,fmp:company-screener,2026-08-22T00:43:42.804386+00:00,36.91,2026-08-21,17759076862.0,224568755.23181817,True
J,Jacobs Solutions Inc.,NYSE,common_stock,False,1980-03-17,Industrials,Engineering & Construction,US,118080999.99999999,0.667,17721596480.0,2026-08-21,fmp:company-screener,2026-08-22T00:43:42.804386+00:00,150.08,2026-08-21,17721596480.0,142151382.22424242,True
IEX,IDEX Corporation,NYSE,common_stock,False,1989-06-02,Industrials,Industrial - Machinery,US,73719900.0,0.976,17279207361.0,2026-08-21,fmp:company-screener,2026-08-22T00:43:42.804386+00:00,234.39,2026-08-21,17279207361.0,167784098.46121213,True
NVR,"NVR, Inc.",NYSE,common_stock,False,1985-07-22,Consumer Cyclical,Residential Construction,US,2699290.000015727,0.913,17163462458.0,2026-08-21,fmp:company-screener,2026-08-22T00:43:42.804386+00:00,6358.51,2026-08-21,17163462458.0,198272799.91727275,True
BALL,Ball Corporation,NYSE,common_stock,False,1972-07-13,Consumer Cyclical,Packaging & Containers,US,266247000.0,0.956,16930646730.0,2026-08-21,fmp:company-screener,2026-08-22T00:43:42.804386+00:00,63.59,2026-08-21,16930646730.0,141652289.64424244,True
SWK,"Stanley Black & Decker, Inc.",NYSE,common_stock,False,1980-03-17,Industrials,Manufacturing - Tools & Accessories,US,151017000.0,1.172,15104720340.0,2026-08-21,fmp:company-screener,2026-08-22T00:43:42.804386+00:00,100.02,2026-08-21,15104720340.0,157393319.95000002,True
MKC,"McCormick & Company, Incorporated",NYSE,common_stock,False,1999-04-26,Consumer Defensive,Packaged Foods,US,268851555.0081213,0.627,14897064663.0,2026-08-21,fmp:company-screener,2026-08-22T00:43:42.804386+00:00,55.41,2026-08-21,14897064663.000002,197568966.88878787,True
MAS,Masco Corporation,NYSE,common_stock,False,1980-03-17,Basic Materials,Construction Materials,US,197187430.00409332,1.296,14451866745.0,2026-08-21,fmp:company-screener,2026-08-22T00:43:42.804386+00:00,73.29,2026-08-21,14451866745.0,189588939.4309091,True
TYL,"Tyler Technologies, Inc.",NYSE,common_stock,False,1980-03-17,Technology,Software - Application,US,40952300.0,0.809,14363200179.0,2026-08-21,fmp:company-screener,2026-08-22T00:43:42.804386+00:00,350.73,2026-08-21,14363200179.0,256963687.61121213,True
TXT,Textron Inc.,NYSE,common_stock,False,1947-12-22,Industrials,Aerospace & Defense,US,171987000.0,0.908,14266321650.0,2026-08-21,fmp:company-screener,2026-08-22T00:43:42.804386+00:00,82.95,2026-08-21,14266321650.0,148567121.02757576,True
CRL,"Charles River Laboratories International, Inc.",NYSE,common_stock,False,2000-06-23,Healthcare,Medical - Diagnostics & Research,US,48167700.0,1.376,14218623363.0,2026-08-21,fmp:company-screener,2026-08-22T00:43:42.804386+00:00,295.19,2026-08-21,14218623363.0,203429319.1839394,True
AVY,Avery Dennison Corporation,NYSE,common_stock,False,1973-02-21,Consumer Cyclical,Packaging & Containers,US,76490400.0,0.812,14052051384.0,2026-08-21,fmp:company-screener,2026-08-22T00:43:42.804386+00:00,183.71,2026-08-21,14052051384.0,125049710.76848485,True
LII,Lennox International Inc.,NYSE,common_stock,False,1999-07-29,Industrials,Industrial - Machinery,US,34560700.0,1.199,13923469209.0,2026-08-21,fmp:company-screener,2026-08-22T00:43:42.804386+00:00,402.87,2026-08-21,13923469209.0,236684021.10454544,True
RVTY,"Revvity, Inc.",NYSE,common_stock,False,1965-07-06,Healthcare,Medical - Diagnostics & Research,US,111560000.0,1.072,13917110000.0,2026-08-21,fmp:company-screener,2026-08-22T00:43:42.804386+00:00,124.75,2026-08-21,13917110000.0,168843097.4369697,True
BF-B,Brown-Forman Corporation,NYSE,common_stock,False,1980-03-17,Consumer Defensive,Beverages - Wineries & Distilleries,US,466342158.0168776,0.34,13262770974.0,2026-08-21,fmp:company-screener,2026-08-22T00:43:42.804386+00:00,28.44,2026-08-21,13262770974.0,69799362.94242424,True
HRL,Hormel Foods Corporation,NYSE,common_stock,False,1980-03-17,Consumer Defensive,Packaged Foods,US,550315000.0,0.331,13147025350.0,2026-08-21,fmp:company-screener,2026-08-22T00:43:42.804386+00:00,23.88,2026-08-21,13141522200.0,102821402.79272726,True
IT,"Gartner, Inc.",NYSE,common_stock,False,1993-10-05,Technology,Information Technology Services,US,66951898.99948953,0.913,13115877014.0,2026-08-21,fmp:company-screener,2026-08-22T00:43:42.804386+00:00,195.9,2026-08-21,13115877014.0,224278051.3430303,True
CLX,The Clorox Company,NYSE,common_stock,False,1983-03-21,Consumer Defensive,Household & Personal Products,US,120921000.0,0.541,12901061490.0,2026-08-21,fmp:company-screener,2026-08-22T00:43:42.804386+00:00,106.69,2026-08-21,12901061490.0,253996124.6439394,True
GDDY,GoDaddy Inc.,NYSE,common_stock,False,2015-03-31,Technology,Software - Infrastructure,US,132409846.99701248,0.918,12853023848.0,2026-08-21,fmp:company-screener,2026-08-22T00:43:42.804386+00:00,97.07,2026-08-21,12853023848.0,204997192.11696967,True
DECK,Deckers Outdoor Corporation,NYSE,common_stock,False,1993-10-15,Consumer Cyclical,Apparel - Footwear & Accessories,US,136182000.0,1.167,12485165760.0,2026-08-21,fmp:company-screener,2026-08-22T00:43:42.804386+00:00,91.68,2026-08-21,12485165760.0,219214202.47515154,True
GNRC,Generac Holdings Inc.,NYSE,common_stock,False,2010-02-11,Industrials,Industrial - Machinery,US,58868700.0,1.925,12125774826.0,2026-08-21,fmp:company-screener,2026-08-22T00:43:42.804386+00:00,205.98,2026-08-21,12125774826.0,243743262.25030303,True
HII,"Huntington Ingalls Industries, Inc.",NYSE,common_stock,False,2011-03-22,Industrials,Aerospace & Defense,US,39404598.00134138,0.241,11750451124.0,2026-08-21,fmp:company-screener,2026-08-22T00:43:42.804386+00:00,298.2,2026-08-21,11750451124.0,150529344.6848485,True
DVA,DaVita Inc.,NYSE,common_stock,False,1995-10-31,Healthcare,Medical - Care Facilities,US,64200000.0,0.87,11159244000.0,2026-08-21,fmp:company-screener,2026-08-22T00:43:42.804386+00:00,173.82,2026-08-21,11159244000.0,180339972.54636362,True
UHS,"Universal Health Services, Inc.",NYSE,common_stock,False,1981-07-09,Healthcare,Medical - Care Facilities,US,60536352.00270789,1.063,10730673756.0,2026-08-21,fmp:company-screener,2026-08-22T00:43:42.804386+00:00,177.26,2026-08-21,10730673756.0,152807873.94575757,True
AOS,A. O. Smith Corporation,NYSE,common_stock,False,1983-09-30,Industrials,Industrial - Machinery,US,138586780.99239063,1.157,8742054145.0,2026-08-21,fmp:company-screener,2026-08-22T00:43:42.804386+00:00,63.08,2026-08-21,8742054145.0,101896812.77878787,True
MOS,The Mosaic Company,NYSE,common_stock,False,1988-01-26,Basic Materials,Agricultural Inputs,US,317846643.99836135,0.821,7758636580.0,2026-08-21,fmp:company-screener,2026-08-22T00:43:42.804386+00:00,24.41,2026-08-21,7758636580.000001,204034764.0057576,True
BLDR,"Builders FirstSource, Inc.",NYSE,common_stock,False,2005-06-28,Basic Materials,Construction Materials,US,107596000.00000001,1.418,7554315160.0,2026-08-21,fmp:company-screener,2026-08-22T00:43:42.804386+00:00,70.21,2026-08-21,7554315160.0,167274147.01878786,True
NVDA,NVIDIA Corporation,NASDAQ,common_stock,False,1999-01-22,Technology,Semiconductors,US,24221000000.0,2.215,5200733120000.0,2026-08-21,fmp:company-screener,2026-08-22T00:43:42.804386+00:00,214.72,2026-08-21,5200733120000.0,29255775419.301514,True
AAPL,Apple Inc.,NASDAQ,common_stock,False,1980-12-12,Technology,Consumer Electronics,US,14687355999.999998,1.086,4543533578600.0,2026-08-21,fmp:company-screener,2026-08-22T00:43:42.804386+00:00,309.35,2026-08-21,4543533578600.0,16819184154.793634,True
GOOGL,Alphabet Inc.,NASDAQ,common_stock,False,2004-08-19,Communication Services,Internet Content & Information,US,12102111286.001394,1.237,4173050013639.0,2026-08-21,fmp:company-screener,2026-08-22T00:43:42.804386+00:00,344.82,2026-08-21,4173050013639.0005,11285411962.188183,True
MSFT,Microsoft Corporation,NASDAQ,common_stock,False,1986-03-13,Technology,Software - Infrastructure,US,7425550000.0,1.099,3588322782000.0,2026-08-21,fmp:company-screener,2026-08-22T00:43:42.804386+00:00,483.24,2026-08-21,3588322782000.0,15668564939.573637,True
AMZN,"Amazon.com, Inc.",NASDAQ,common_stock,False,1997-05-15,Consumer Cyclical,Specialty Retail,US,10757100000.0,1.454,2782108773000.0,2026-08-21,fmp:company-screener,2026-08-22T00:43:42.804386+00:00,258.63,2026-08-21,2782108773000.0,12245532785.082727,True
AVGO,Broadcom Inc.,NASDAQ,common_stock,False,2009-08-06,Technology,Semiconductors,US,4757580000.0,1.473,1752930351000.0,2026-08-21,fmp:company-screener,2026-08-22T00:43:42.804386+00:00,368.45,2026-08-21,1752930351000.0,9890404616.502121,True
TSLA,"Tesla, Inc.",NASDAQ,common_stock,False,2010-06-29,Consumer Cyclical,Auto - Manufacturers,US,3949547394.0004406,1.827,1433132767387.0,2026-08-21,fmp:company-screener,2026-08-22T00:43:42.804386+00:00,362.86,2026-08-21,1433132767387.0,15947008084.248486,True
META,"Meta Platforms, Inc.",NASDAQ,common_stock,False,2012-05-18,Communication Services,Internet Content & Information,US,2547486570.0,1.243,1400862864843.0,2026-08-21,fmp:company-screener,2026-08-22T00:43:42.804386+00:00,549.9,2026-08-21,1400862864843.0,11374872763.880302,True
MU,"Micron Technology, Inc.",NASDAQ,common_stock,False,1984-06-01,Technology,Semiconductors,US,1129390000.0,2.213,1091871664200.0,2026-08-21,fmp:company-screener,2026-08-22T00:43:42.804386+00:00,966.78,2026-08-21,1091871664200.0,45276114101.61394,True
WMT,Walmart Inc.,NASDAQ,common_stock,False,1972-08-25,Consumer Defensive,Discount Stores,US,7958080000.0,0.603,825252896000.0,2026-08-21,fmp:company-screener,2026-08-22T00:43:42.804386+00:00,103.7,2026-08-21,825252896000.0,2711078142.3863635,True
AMD,"Advanced Micro Devices, Inc.",NASDAQ,common_stock,False,1972-09-07,Technology,Semiconductors,US,1630600000.0,2.489,771681450000.0,2026-08-21,fmp:company-screener,2026-08-22T00:43:42.804386+00:00,473.25,2026-08-21,771681450000.0,14403053558.302727,True
CSCO,"Cisco Systems, Inc.",NASDAQ,common_stock,False,1990-02-16,Technology,Communication Equipment,US,3941434665.003602,1.007,437656905202.0,2026-08-21,fmp:company-screener,2026-08-22T00:43:42.804386+00:00,111.04,2026-08-21,437656905202.0,2773383732.8581815,True
COST,Costco Wholesale Corporation,NASDAQ,common_stock,False,1986-07-09,Consumer Defensive,Discount Stores,US,443479000.0,0.86,420302787460.0,2026-08-21,fmp:company-screener,2026-08-22T00:43:42.804386+00:00,947.74,2026-08-21,420302787460.0,2031674261.4124243,True
LRCX,Lam Research Corporation,NASDAQ,common_stock,False,1984-05-04,Technology,Semiconductors,US,1250570000.0,1.865,392678980000.0,2026-08-21,fmp:company-screener,2026-08-22T00:43:42.804386+00:00,314.0,2026-08-21,392678980000.0,3863491841.500606,True
AMAT,"Applied Materials, Inc.",NASDAQ,common_stock,False,1980-03-17,Technology,Semiconductors,US,793959000.0,1.618,390881894880.0,2026-08-21,fmp:company-screener,2026-08-22T00:43:42.804386+00:00,492.32,2026-08-21,390881894880.0,5102088276.682727,True
NFLX,"Netflix, Inc.",NASDAQ,common_stock,False,2002-05-23,Communication Services,Entertainment,US,4163939998.9948483,1.514,331407984520.0,2026-08-21,fmp:company-screener,2026-08-22T00:43:42.804386+00:00,79.59,2026-08-21,331407984520.0,3155540054.2627273,True
PANW,"Palo Alto Networks, Inc.",NASDAQ,common_stock,False,2012-07-20,Technology,Software - Infrastructure,US,815000000.0,0.893,291664050000.0,2026-08-21,fmp:company-screener,2026-08-22T00:43:42.804386+00:00,357.87,2026-08-21,291664050000.0,2285529458.9854546,True
TXN,Texas Instruments Incorporated,NASDAQ,common_stock,False,1972-06-01,Technology,Semiconductors,US,913247686.0001513,1.325,241426158271.0,2026-08-21,fmp:company-screener,2026-08-22T00:43:42.804386+00:00,264.36,2026-08-21,241426158271.0,2428130271.5812125,True
KLAC,KLA Corporation,NASDAQ,common_stock,False,1980-10-08,Technology,Semiconductors,US,1306280000.0,1.458,240342457200.0,2026-08-21,fmp:company-screener,2026-08-22T00:43:42.804386+00:00,183.99,2026-08-21,240342457200.0,7355332041.168788,True
AMGN,Amgen Inc.,NASDAQ,common_stock,False,1983-06-17,Healthcare,Drug Manufacturers - General,US,539708000.0,0.403,237109915640.0,2026-08-21,fmp:company-screener,2026-08-22T00:43:42.804386+00:00,439.33,2026-08-21,237109915640.0,1044841577.8966665,True
SNDK,Sandisk Corporation,NASDAQ,common_stock,False,1995-11-08,Technology,Computer Hardware,US,148089750.0,5.1932244,236363088180.0,2026-08-21,fmp:company-screener,2026-08-22T00:43:42.804386+00:00,1596.08,2026-08-21,236363088180.0,22301486915.912422,True
MRVL,"Marvell Technology, Inc.",NASDAQ,common_stock,False,2000-06-27,Technology,Semiconductors,US,875766000.0,2.246,207591572640.0,2026-08-21,fmp:company-screener,2026-08-22T00:43:42.804386+00:00,237.04,2026-08-21,207591572640.0,11242540837.811516,True
TMUS,"T-Mobile US, Inc.",NASDAQ,common_stock,False,2007-04-19,Communication Services,Telecommunications Services,US,1072671613.0026224,0.327,196341812044.0,2026-08-21,fmp:company-screener,2026-08-22T00:43:42.804386+00:00,183.04,2026-08-21,196341812044.0,986656935.3299999,True
PEP,"PepsiCo, Inc.",NASDAQ,common_stock,False,1972-06-01,Consumer Defensive,Beverages - Non-Alcoholic,US,1366000000.0,0.361,195993680000.0,2026-08-21,fmp:company-screener,2026-08-22T00:43:42.804386+00:00,143.48,2026-08-21,195993680000.0,1175533686.83,True
CRWD,"CrowdStrike Holdings, Inc.",NASDAQ,common_stock,False,2019-06-12,Technology,Software - Infrastructure,US,1018259280.0000001,1.234,195454868796.0,2026-08-21,fmp:company-screener,2026-08-22T00:43:42.804386+00:00,191.95,2026-08-21,195454868796.0,2018971957.1978788,True
ADI,"Analog Devices, Inc.",NASDAQ,common_stock,False,1980-03-17,Technology,Semiconductors,US,487087000.00000006,1.212,181727288830.0,2026-08-21,fmp:company-screener,2026-08-22T00:43:42.804386+00:00,373.09,2026-08-21,181727288830.0,1817816781.6733334,True
GILD,"Gilead Sciences, Inc.",NASDAQ,common_stock,False,1992-01-22,Healthcare,Drug Manufacturers - General,US,1241569874.000821,0.336,181418189989.0,2026-08-21,fmp:company-screener,2026-08-22T00:43:42.804386+00:00,146.12,2026-08-21,181418189989.0,953765341.5078789,True
QCOM,QUALCOMM Incorporated,NASDAQ,common_stock,False,1991-12-13,Technology,Semiconductors,US,1050000000.0,1.654,168787500000.0,2026-08-21,fmp:company-screener,2026-08-22T00:43:42.804386+00:00,160.75,2026-08-21,168787500000.0,3178794077.1669693,True
BKNG,Booking Holdings Inc.,NASDAQ,common_stock,False,1999-03-31,Consumer Cyclical,Travel Services,US,774878000.0,1.068,162429926360.0,2026-08-21,fmp:company-screener,2026-08-22T00:43:42.804386+00:00,209.62,2026-08-21,162429926360.0,1270325307.7084846,True
WDC,Western Digital Corporation,NASDAQ,common_stock,False,1978-10-31,Technology,Computer Hardware,US,344682000.0,2.217,158360698080.0,2026-08-21,fmp:company-screener,2026-08-22T00:43:42.804386+00:00,459.44,2026-08-21,158360698080.0,4755298583.32,True
VRTX,Vertex Pharmaceuticals Incorporated,NASDAQ,common_stock,False,1991-07-24,Healthcare,Biotechnology,US,253805000.00000003,0.305,139097830250.0,2026-08-21,fmp:company-screener,2026-08-22T00:43:42.804386+00:00,548.05,2026-08-21,139097830250.0,666670498.2784848,True
ISRG,"Intuitive Surgical, Inc.",NASDAQ,common_stock,False,2000-06-16,Healthcare,Medical - Instruments & Supplies,US,353278000.0,1.46,133825239180.0,2026-08-21,fmp:company-screener,2026-08-22T00:43:42.804386+00:00,378.81,2026-08-21,133825239180.0,1217587739.9866667,True
SBUX,Starbucks Corporation,NASDAQ,common_stock,False,1992-06-26,Consumer Cyclical,Restaurants,US,1140000000.0,0.966,122071200000.0,2026-08-21,fmp:company-screener,2026-08-22T00:43:42.804386+00:00,107.08,2026-08-21,122071200000.0,746419893.8103031,True
FTNT,"Fortinet, Inc.",NASDAQ,common_stock,False,2009-11-18,Technology,Software - Infrastructure,US,733713652.9998046,1.058,112632382872.0,2026-08-21,fmp:company-screener,2026-08-22T00:43:42.804386+00:00,153.51,2026-08-21,112632382872.0,902809243.0645455,True
ADP,"Automatic Data Processing, Inc.",NASDAQ,common_stock,False,1980-03-17,Technology,Software - Application,US,399734000.0,0.823,112249304540.0,2026-08-21,fmp:company-screener,2026-08-22T00:43:42.804386+00:00,280.81,2026-08-21,112249304540.0,618961155.6884849,True
ABNB,"Airbnb, Inc.",NASDAQ,common_stock,False,2020-12-10,Consumer Cyclical,Travel Services,US,593513629.0016017,1.137,111165102712.0,2026-08-21,fmp:company-screener,2026-08-22T00:43:42.804386+00:00,187.3,2026-08-21,111165102712.0,656813621.7145454,True
ADBE,Adobe Inc.,NASDAQ,common_stock,False,1986-08-13,Technology,Software - Application,US,397500000.0,1.404,109431750000.0,2026-08-21,fmp:company-screener,2026-08-22T00:43:42.804386+00:00,275.3,2026-08-21,109431750000.0,1450826179.347879,True
INTU,Intuit Inc.,NASDAQ,common_stock,False,1993-03-12,Technology,Software - Application,US,273537000.0,0.959,100388079000.0,2026-08-21,fmp:company-screener,2026-08-22T00:43:42.804386+00:00,367.0,2026-08-21,100388079000.0,1412146252.6624243,True
DASH,"DoorDash, Inc.",NASDAQ,common_stock,False,2020-12-09,Communication Services,Internet Content & Information,US,435718712.0005369,1.77,97378774945.0,2026-08-21,fmp:company-screener,2026-08-22T00:43:42.804386+00:00,223.49,2026-08-21,97378774945.0,821842277.8621212,True
CSX,CSX Corporation,NASDAQ,common_stock,False,1980-11-03,Industrials,Railroads,US,1852479999.9999998,1.211,95569443200.0,2026-08-21,fmp:company-screener,2026-08-22T00:43:42.804386+00:00,51.59,2026-08-21,95569443200.0,629642502.6536363,True
CMCSA,Comcast Corporation,NASDAQ,common_stock,False,1980-03-17,Communication Services,Telecommunications Services,US,3548636612.9981375,0.647,95280893059.0,2026-08-21,fmp:company-screener,2026-08-22T00:43:42.804386+00:00,26.85,2026-08-21,95280893059.0,842759037.6933334,True
MNST,Monster Beverage Corporation,NASDAQ,common_stock,False,1985-12-09,Consumer Defensive,Beverages - Non-Alcoholic,US,1956016220.004185,0.524,93478015154.0,2026-08-21,fmp:company-screener,2026-08-22T00:43:42.804386+00:00,47.79,2026-08-21,93478015154.0,708669944.0948485,True
MAR,"Marriott International, Inc.",NASDAQ,common_stock,False,1998-03-23,Consumer Cyclical,Travel Lodging,US,260766287.99910212,1.12,92934497380.0,2026-08-21,fmp:company-screener,2026-08-22T00:43:42.804386+00:00,356.39,2026-08-21,92934497380.0,608927594.0872728,True
CDNS,"Cadence Design Systems, Inc.",NASDAQ,common_stock,False,1987-06-10,Technology,Software - Application,US,275393000.0,1.142,87855874860.0,2026-08-21,fmp:company-screener,2026-08-22T00:43:42.804386+00:00,319.02,2026-08-21,87855874860.0,847853129.0124242,True
REGN,"Regeneron Pharmaceuticals, Inc.",NASDAQ,common_stock,False,1991-04-02,Healthcare,Biotechnology,US,103022000.0,0.236,85924468880.0,2026-08-21,fmp:company-screener,2026-08-22T00:43:42.804386+00:00,834.04,2026-08-21,85924468880.0,609255125.5906061,True
DDOG,"Datadog, Inc.",NASDAQ,common_stock,False,2019-09-19,Technology,Software - Application,US,355960174.00050926,1.509,83871336198.0,2026-08-21,fmp:company-screener,2026-08-22T00:43:42.804386+00:00,235.62,2026-08-21,83871336198.0,1227839097.2463636,True
MDLZ,"Mondelez International, Inc.",NASDAQ,common_stock,False,2001-06-13,Consumer Defensive,Food Confectioners,US,1276310000.0,0.404,82258179500.0,2026-08-21,fmp:company-screener,2026-08-22T00:43:42.804386+00:00,64.45,2026-08-21,82258179500.0,574240801.5060606,True
CTAS,Cintas Corporation,NASDAQ,common_stock,False,1983-08-19,Industrials,Specialty Business Services,US,400169560.99906766,0.918,81550554836.0,2026-08-21,fmp:company-screener,2026-08-22T00:43:42.804386+00:00,203.79,2026-08-21,81550554836.0,431996519.5118182,True
ROST,"Ross Stores, Inc.",NASDAQ,common_stock,False,1985-08-08,Consumer Cyclical,Apparel - Retail,US,320781075.9998327,0.877,76679508407.0,2026-08-21,fmp:company-screener,2026-08-22T00:43:42.804386+00:00,239.04,2026-08-21,76679508407.0,632736095.5363636,True
ORLY,"O'Reilly Automotive, Inc.",NASDAQ,common_stock,False,1993-04-23,Consumer Cyclical,Specialty Retail,US,828715000.0,0.519,73846793650.0,2026-08-21,fmp:company-screener,2026-08-22T00:43:42.804386+00:00,89.11,2026-08-21,73846793650.0,668835592.4375757,True
PCAR,PACCAR Inc,NASDAQ,common_stock,False,1980-03-17,Industrials,Industrial - Machinery,US,526364953.00312907,0.985,68969599792.0,2026-08-21,fmp:company-screener,2026-08-22T00:43:42.804386+00:00,131.03,2026-08-21,68969599792.0,418668232.45484847,True
HON,Honeywell International Inc.,NASDAQ,common_stock,False,2001-02-21,Industrials,Conglomerates,US,316940000.0,0.918,68427346000.0,2026-08-21,fmp:company-screener,2026-08-22T00:43:42.804386+00:00,215.9,2026-08-21,68427346000.0,1027525918.2242424,True
LITE,Lumentum Holdings Inc.,NASDAQ,common_stock,False,2015-07-23,Technology,Communication Equipment,US,77800000.0,1.513,67430038000.0,2026-08-21,fmp:company-screener,2026-08-22T00:43:42.804386+00:00,866.71,2026-08-21,67430038000.0,4183640286.034545,True
AEP,"American Electric Power Company, Inc.",NASDAQ,common_stock,False,1962-01-02,Utilities,Regulated Electric,US,544397000.0,0.507,65839373180.0,2026-08-21,fmp:company-screener,2026-08-22T00:43:42.804386+00:00,120.94,2026-08-21,65839373180.0,607483532.3254545,True
MPWR,"Monolithic Power Systems, Inc.",NASDAQ,common_stock,False,2004-11-19,Technology,Semiconductors,US,49130000.0,1.686,64668836400.0,2026-08-21,fmp:company-screener,2026-08-22T00:43:42.804386+00:00,1316.28,2026-08-21,64668836400.0,1255537834.279394,True
BKR,Baker Hughes Company,NASDAQ,common_stock,False,1987-04-06,Energy,Oil & Gas Equipment & Services,US,992674000.0,0.959,61883297160.0,2026-08-21,fmp:company-screener,2026-08-22T00:43:42.804386+00:00,62.34,2026-08-21,61883297160.0,506358187.79030305,True
FAST,Fastenal Company,NASDAQ,common_stock,False,1987-08-20,Industrials,Industrial - Distribution,US,1147500000.0,0.712,58820850000.0,2026-08-21,fmp:company-screener,2026-08-22T00:43:42.804386+00:00,51.26,2026-08-21,58820850000.0,383465689.1187879,True
TER,"Teradyne, Inc.",NASDAQ,common_stock,False,1970-09-14,Technology,Semiconductors,US,156341000.0,1.793,58743567340.0,2026-08-21,fmp:company-screener,2026-08-22T00:43:42.804386+00:00,375.74,2026-08-21,58743567340.0,1636192075.56,True
ADSK,"Autodesk, Inc.",NASDAQ,common_stock,False,1985-06-28,Technology,Software - Application,US,211145250.99970454,1.298,53593943335.0,2026-08-21,fmp:company-screener,2026-08-22T00:43:42.804386+00:00,253.83,2026-08-21,53594999061.255005,549453266.5721213,True
WDAY,"Workday, Inc.",NASDAQ,common_stock,False,2012-10-12,Technology,Software - Application,US,261942106.99965003,1.054,52391040821.0,2026-08-21,fmp:company-screener,2026-08-22T00:43:42.804386+00:00,200.01,2026-08-21,52391040821.0,762499912.5354545,True
EBAY,eBay Inc.,NASDAQ,common_stock,False,1998-09-24,Consumer Cyclical,Specialty Retail,US,444000000.0,1.355,46233720000.0,2026-08-21,fmp:company-screener,2026-08-22T00:43:42.804386+00:00,104.13,2026-08-21,46233720000.0,437499186.80181813,True
PAYX,"Paychex, Inc.",NASDAQ,common_stock,False,1983-08-26,Industrials,Staffing & Employment Services,US,355682860.0040169,0.798,44273623999.0,2026-08-21,fmp:company-screener,2026-08-22T00:43:42.804386+00:00,124.48,2026-08-21,44275402413.300026,345888199.04636365,True
IDXX,"IDEXX Laboratories, Inc.",NASDAQ,common_stock,False,1991-06-21,Healthcare,Medical - Diagnostics & Research,US,78883000.0,1.542,43932309190.0,2026-08-21,fmp:company-screener,2026-08-22T00:43:42.804386+00:00,556.93,2026-08-21,43932309189.99999,361311559.9648485,True
KDP,Keurig Dr Pepper Inc.,NASDAQ,common_stock,False,2008-05-07,Consumer Defensive,Beverages - Non-Alcoholic,US,1360559471.0049937,0.411,43592325451.0,2026-08-21,fmp:company-screener,2026-08-22T00:43:42.804386+00:00,32.04,2026-08-21,43592325451.0,419599871.630303,True
ODFL,"Old Dominion Freight Line, Inc.",NASDAQ,common_stock,False,1991-10-24,Industrials,Trucking,US,207968282.99995157,1.177,42939211391.0,2026-08-21,fmp:company-screener,2026-08-22T00:43:42.804386+00:00,206.47,2026-08-21,42939211391.0,380461439.25545454,True
ROP,"Roper Technologies, Inc.",NASDAQ,common_stock,False,1992-02-13,Technology,Software - Application,US,100917000.0,0.737,41556611430.0,2026-08-21,fmp:company-screener,2026-08-22T00:43:42.804386+00:00,411.79,2026-08-21,41556611430.0,357928080.4118182,True
MCHP,Microchip Technology Incorporated,NASDAQ,common_stock,False,1993-03-19,Technology,Semiconductors,US,543008000.0,1.742,41312048640.0,2026-08-21,fmp:company-screener,2026-08-22T00:43:42.804386+00:00,76.08,2026-08-21,41312048640.0,952118646.2772728,True
FLEX,Flex Ltd.,NASDAQ,common_stock,False,1994-03-18,Technology,"Hardware, Equipment & Parts",US,369402977.9990946,1.668,40800558920.0,2026-08-21,fmp:company-screener,2026-08-22T00:43:42.804386+00:00,110.45,2026-08-21,40800558920.0,971525583.0166668,True
NTAP,"NetApp, Inc.",NASDAQ,common_stock,False,1995-11-21,Technology,Computer Hardware,US,196234000.0,1.433,37729911180.0,2026-08-21,fmp:company-screener,2026-08-22T00:43:42.804386+00:00,192.27,2026-08-21,37729911180.0,506814037.14757574,True
EXPE,"Expedia Group, Inc.",NASDAQ,common_stock,False,2005-07-21,Consumer Cyclical,Travel Services,US,114498625.00077729,1.246,36826192759.0,2026-08-21,fmp:company-screener,2026-08-22T00:43:42.804386+00:00,321.63,2026-08-21,36826192759.0,422202247.57151514,True
UAL,"United Airlines Holdings, Inc.",NASDAQ,common_stock,False,2006-02-06,Industrials,"Airlines, Airports & Air Services",US,324569728.0021207,1.292,36731556118.0,2026-08-21,fmp:company-screener,2026-08-22T00:43:42.804386+00:00,113.17,2026-08-21,36731556118.0,567912049.39,True
KMB,Kimberly-Clark Corporation,NASDAQ,common_stock,False,1980-03-17,Consumer Defensive,Household & Personal Products,US,331940000.0,0.277,36284361400.0,2026-08-21,fmp:company-screener,2026-08-22T00:43:42.804386+00:00,109.31,2026-08-21,36284361400.0,419508865.27060604,True
DXCM,"DexCom, Inc.",NASDAQ,common_stock,False,2005-04-14,Healthcare,Medical - Devices,US,377361000.0,1.41,34845514740.0,2026-08-21,fmp:company-screener,2026-08-22T00:43:42.804386+00:00,92.34,2026-08-21,34845514740.0,419588745.7915152,True
GEHC,GE HealthCare Technologies Inc.,NASDAQ,common_stock,False,2022-12-15,Healthcare,Medical - Devices,US,451686252.0048116,0.817,33795165375.0,2026-08-21,fmp:company-screener,2026-08-22T00:43:42.804386+00:00,74.82,2026-08-21,33795165375.0,325238729.1024242,True
STLD,"Steel Dynamics, Inc.",NASDAQ,common_stock,False,1996-11-22,Basic Materials,Steel,US,143328097.0001749,1.532,32776269222.0,2026-08-21,fmp:company-screener,2026-08-22T00:43:42.804386+00:00,228.68,2026-08-21,32776269222.0,321664262.8060606,True
BIIB,Biogen Inc.,NASDAQ,common_stock,False,1991-09-17,Healthcare,Drug Manufacturers - General,US,147753997.99797028,0.162,32030111686.0,2026-08-21,fmp:company-screener,2026-08-22T00:43:42.804386+00:00,216.78,2026-08-21,32030111686.0,241389422.85545453,True
CPRT,"Copart, Inc.",NASDAQ,common_stock,False,1994-03-17,Industrials,Specialty Business Services,US,925811482.0118344,1.014,31292428092.0,2026-08-21,fmp:company-screener,2026-08-22T00:43:42.804386+00:00,33.8,2026-08-21,31292428092.0,367522551.17636365,True
CASY,"Casey's General Stores, Inc.",NASDAQ,common_stock,False,1983-10-20,Consumer Cyclical,Specialty Retail,US,37004900.0,0.615,30926475126.0,2026-08-21,fmp:company-screener,2026-08-22T00:43:42.804386+00:00,835.74,2026-08-21,30926475126.0,372504747.1475758,True
FOXA,Fox Corporation,NASDAQ,common_stock,False,2019-03-12,Communication Services,Entertainment,US,438504842.9967902,0.541,30055121939.0,2026-08-21,fmp:company-screener,2026-08-22T00:43:42.804386+00:00,68.54,2026-08-21,30055121939.0,389374633.2127273,True
FISV,"Fiserv, Inc.",NASDAQ,common_stock,False,1986-09-25,Technology,Information Technology Services,US,533254000.0,0.819,28038495320.0,2026-08-21,fmp:company-screener,2026-08-22T00:43:42.804386+00:00,52.58,2026-08-21,28038495320.0,420674183.86424243,True
CTSH,Cognizant Technology Solutions Corporation,NASDAQ,common_stock,False,1998-06-19,Technology,Information Technology Services,US,450444209.0027477,0.809,27868983211.0,2026-08-21,fmp:company-screener,2026-08-22T00:43:42.804386+00:00,61.87,2026-08-21,27868983211.0,533866706.33151513,True
INCY,Incyte Corporation,NASDAQ,common_stock,False,1993-11-04,Healthcare,Biotechnology,US,202697745.99796572,0.769,25906798916.0,2026-08-21,fmp:company-screener,2026-08-22T00:43:42.804386+00:00,127.81,2026-08-21,25906798916.0,200312953.51,True
JBHT,"J.B. Hunt Transport Services, Inc.",NASDAQ,common_stock,False,1983-11-22,Industrials,Integrated Freight & Logistics,US,93914900.0,1.297,25868859205.0,2026-08-21,fmp:company-screener,2026-08-22T00:43:42.804386+00:00,275.45,2026-08-21,25868859205.0,281788117.0763636,True
VRSN,"VeriSign, Inc.",NASDAQ,common_stock,False,1998-01-30,Technology,Software - Infrastructure,US,90400000.0,0.703,25474720000.0,2026-08-21,fmp:company-screener,2026-08-22T00:43:42.804386+00:00,281.8,2026-08-21,25474720000.0,214595088.5,True
DLTR,"Dollar Tree, Inc.",NASDAQ,common_stock,False,1995-03-07,Consumer Defensive,Discount Stores,US,192175000.00000003,0.665,25267169000.0,2026-08-21,fmp:company-screener,2026-08-22T00:43:42.804386+00:00,131.48,2026-08-21,25267169000.000004,406908740.17939395,True
VRSK,"Verisk Analytics, Inc.",NASDAQ,common_stock,False,2009-10-07,Technology,Software - Services,US,130156019.00266667,0.664,24404253563.0,2026-08-21,fmp:company-screener,2026-08-22T00:43:42.804386+00:00,187.5,2026-08-21,24404253563.0,427160421.71727276,True
FSLR,"First Solar, Inc.",NASDAQ,common_stock,False,2006-11-17,Energy,Solar,US,107469786.99831995,1.746,23028625958.0,2026-08-21,fmp:company-screener,2026-08-22T00:43:42.804386+00:00,214.28,2026-08-21,23028625958.0,589663295.7084849,True
ULTA,"Ulta Beauty, Inc.",NASDAQ,common_stock,False,2007-10-25,Consumer Cyclical,Specialty Retail,US,42989310.99988493,0.852,22417206114.0,2026-08-21,fmp:company-screener,2026-08-22T00:43:42.804386+00:00,521.46,2026-08-21,22417206114.0,350964312.2769697,True
FFIV,"F5, Inc.",NASDAQ,common_stock,False,1999-06-04,Technology,Software - Infrastructure,US,56419200.0,1.033,21700516896.0,2026-08-21,fmp:company-screener,2026-08-22T00:43:42.804386+00:00,384.63,2026-08-21,21700516896.0,262345456.1248485,True
CHTR,"Charter Communications, Inc.",NASDAQ,common_stock,False,2010-01-05,Communication Services,Telecommunications Services,US,134777483.99813545,0.678,20239534772.0,2026-08-21,fmp:company-screener,2026-08-22T00:43:42.804386+00:00,150.17,2026-08-21,20239534772.0,502018981.3672727,True
NDSN,Nordson Corporation,NASDAQ,common_stock,False,1980-03-18,Industrials,Industrial - Machinery,US,55718000.0,0.964,18511748320.0,2026-08-21,fmp:company-screener,2026-08-22T00:43:42.804386+00:00,332.24,2026-08-21,18511748320.0,121980176.24181819,True
TSCO,Tractor Supply Company,NASDAQ,common_stock,False,1994-02-17,Consumer Cyclical,Specialty Retail,US,524450000.00000006,0.452,18345261000.0,2026-08-21,fmp:company-screener,2026-08-22T00:43:42.804386+00:00,34.98,2026-08-21,18345261000.0,387619699.9942424,True
PTC,PTC Inc.,NASDAQ,common_stock,False,1989-12-08,Technology,Software - Application,US,115506000.0,0.988,17866468080.0,2026-08-21,fmp:company-screener,2026-08-22T00:43:42.804386+00:00,154.68,2026-08-21,17866468080.0,221741062.16484848,True
ZBRA,Zebra Technologies Corporation,NASDAQ,common_stock,False,1991-08-15,Technology,Communication Equipment,US,47633400.0,1.583,17553384234.0,2026-08-21,fmp:company-screener,2026-08-22T00:43:42.804386+00:00,368.51,2026-08-21,17553384234.0,233557994.46030304,True
CDW,CDW Corporation,NASDAQ,common_stock,False,2013-06-27,Technology,Information Technology Services,US,127753000.0,0.94,17534099250.0,2026-08-21,fmp:company-screener,2026-08-22T00:43:42.804386+00:00,137.25,2026-08-21,17534099250.0,281062951.5951515,True
GEN,Gen Digital Inc.,NASDAQ,common_stock,False,1989-06-23,Technology,Software - Infrastructure,US,598577064.9844452,1.201,17316834490.0,2026-08-21,fmp:company-screener,2026-08-22T00:43:42.804386+00:00,28.93,2026-08-21,17316834490.0,154125456.55212122,True
NWSA,News Corporation,NASDAQ,common_stock,False,2013-06-19,Communication Services,Publishing,US,561331886.9980251,0.911,17053262727.0,2026-08-21,fmp:company-screener,2026-08-22T00:43:42.804386+00:00,30.38,2026-08-21,17053262727.0,130535856.38181819,True
CHRW,"C.H. Robinson Worldwide, Inc.",NASDAQ,common_stock,False,1997-10-16,Industrials,Integrated Freight & Logistics,US,117873041.9967521,0.946,16694358938.0,2026-08-21,fmp:company-screener,2026-08-22T00:43:42.804386+00:00,141.63,2026-08-21,16694358938.0,294413847.09787875,True
AKAM,"Akamai Technologies, Inc.",NASDAQ,common_stock,False,1999-10-29,Technology,Software - Infrastructure,US,145385450.99619633,0.645,16053461499.0,2026-08-21,fmp:company-screener,2026-08-22T00:43:42.804386+00:00,110.42,2026-08-21,16053461498.999998,449102512.44575757,True
APA,APA Corporation,NASDAQ,common_stock,False,1979-05-15,Energy,Oil & Gas Exploration & Production,US,353470000.0,0.348,15337063300.0,2026-08-21,fmp:company-screener,2026-08-22T00:43:42.804386+00:00,43.39,2026-08-21,15337063300.0,208110814.99424243,True
COO,"The Cooper Companies, Inc.",NASDAQ,common_stock,False,1983-01-21,Healthcare,Medical - Instruments & Supplies,US,195031000.0,0.823,14865262820.0,2026-08-21,fmp:company-screener,2026-08-22T00:43:42.804386+00:00,76.22,2026-08-21,14865262820.0,188455162.98727274,True
TRMB,Trimble Inc.,NASDAQ,common_stock,False,1990-07-20,Technology,"Hardware, Equipment & Parts",US,233111519.00414938,1.356,14044969020.0,2026-08-21,fmp:company-screener,2026-08-22T00:43:42.804386+00:00,60.25,2026-08-21,14044969020.0,161201246.87151515,True
HAS,"Hasbro, Inc.",NASDAQ,common_stock,False,1980-03-17,Consumer Cyclical,Leisure,US,141044466.9980757,0.468,13193299443.0,2026-08-21,fmp:company-screener,2026-08-22T00:43:42.804386+00:00,93.54,2026-08-21,13193299443.000002,175354293.69121212,True
CSGP,"CoStar Group, Inc.",NASDAQ,common_stock,False,1998-07-01,Real Estate,Real Estate - Services,US,405198000.0,0.731,13071687480.0,2026-08-21,fmp:company-screener,2026-08-22T00:43:42.804386+00:00,32.26,2026-08-21,13071687480.0,230236878.16878787,True
JKHY,"Jack Henry & Associates, Inc.",NASDAQ,common_stock,False,1985-11-20,Technology,Information Technology Services,US,71050800.0,0.553,11808642960.0,2026-08-21,fmp:company-screener,2026-08-22T00:43:42.804386+00:00,166.2,2026-08-21,11808642960.0,205443273.53727272,True
ALGN,"Align Technology, Inc.",NASDAQ,common_stock,False,2001-01-30,Healthcare,Medical - Devices,US,71618127.00092278,1.653,11641526544.0,2026-08-21,fmp:company-screener,2026-08-22T00:43:42.804386+00:00,162.55,2026-08-21,11641526544.0,174807909.7651515,True
TECH,Bio-Techne Corporation,NASDAQ,common_stock,False,1989-02-09,Healthcare,Biotechnology,US,156569000.0,1.277,11323070080.0,2026-08-21,fmp:company-screener,2026-08-22T00:43:42.804386+00:00,72.32,2026-08-21,11323070079.999998,374068959.5954545,True
DPZ,"Domino's Pizza, Inc.",NASDAQ,common_stock,False,2004-07-13,Consumer Cyclical,Restaurants,US,33081735.00073131,0.951,11308991110.0,2026-08-21,fmp:company-screener,2026-08-22T00:43:42.804386+00:00,341.85,2026-08-21,11308991110.0,304949626.95,True
PODD,Insulet Corp.,NASDAQ,common_stock,False,2007-05-15,Healthcare,Medical - Devices,US,69264674.00107992,1.095,10262254100.0,2026-08-21,fmp:company-screener,2026-08-22T00:43:42.804386+00:00,148.16,2026-08-21,10262254100.0,252205712.36878788,True
SWKS,"Skyworks Solutions, Inc.",NASDAQ,common_stock,False,1984-09-07,Technology,Semiconductors,US,150472781.99285075,1.51,10102742583.0,2026-08-21,fmp:company-screener,2026-08-22T00:43:42.804386+00:00,67.14,2026-08-21,10102742583.0,370184090.47515154,True
HSIC,"Henry Schein, Inc.",NASDAQ,common_stock,False,1995-11-03,Healthcare,Medical - Distribution,US,113917000.0,0.808,10081654500.0,2026-08-21,fmp:company-screener,2026-08-22T00:43:42.804386+00:00,88.5,2026-08-21,10081654500.0,110096281.00999999,True
